target,load,host,impl,kind,case,batches,samples,min_us,median_us,p99_us,max_us,agreement,mismatch_causes,valid
cpu,none,i5-13500H,integer_sequential,ours,notebook32,1,5000,66.86,77.443,127.125,390.888,ok,,True
cpu,none,i5-13500H,integer_sequential,ours,all_survive,1,1114,415.282,443.008,507.71,757.505,ok,,True
cpu,none,i5-13500H,integer_sequential,ours,all_equal,1,5000,39.087,41.4215,61.167,152.71,ok,,True
cpu,none,i5-13500H,integer_sequential,ours,rand_seed0,1,1428,296.559,342.96,437.478,636.076,ok,,True
cpu,none,i5-13500H,integer_sequential,ours,hostile,1000,1829,39.521,326.454,489.889,520.259,ok,,True
cpu,none,i5-13500H,integer_allpairs,ours,notebook32,1,604,749.791,819.953,989.07,1139.335,ok,,True
cpu,none,i5-13500H,integer_allpairs,ours,all_survive,1,571,815.294,873.137,947.465,1173.032,ok,,True
cpu,none,i5-13500H,integer_allpairs,ours,all_equal,1,607,708.178,813.908,1060.019,1238.95,ok,,True
cpu,none,i5-13500H,integer_allpairs,ours,rand_seed0,1,566,815.176,877.854,976.444,1143.594,ok,,True
cpu,none,i5-13500H,integer_allpairs,ours,hostile,1000,588,737.858,839.163,1050.581,1802.312,ok,,True
cpu,none,i5-13500H,numpy_allpairs,ours,notebook32,1,5000,34.693,36.768,48.768,244.031,ok,,True
cpu,none,i5-13500H,numpy_allpairs,ours,all_survive,1,5000,50.088,52.278,68.234,279.91,ok,,True
cpu,none,i5-13500H,numpy_allpairs,ours,all_equal,1,5000,31.442,32.987,43.999,54.329,ok,,True
cpu,none,i5-13500H,numpy_allpairs,ours,rand_seed0,1,5000,46.005,49.52,66.502,287.08,ok,,True
cpu,none,i5-13500H,numpy_allpairs,ours,hostile,1000,5000,29.253,49.829,74.83,283.411,ok,,True
cpu,none,i5-13500H,c_scalar,ours,notebook32,1,5000,0.32,0.392,0.586,4.39,ok,,True
cpu,none,i5-13500H,c_scalar,ours,all_survive,1,5000,1.044,1.154,1.459,4.288,ok,,True
cpu,none,i5-13500H,c_scalar,ours,all_equal,1,5000,0.188,0.21,0.233,0.509,ok,,True
cpu,none,i5-13500H,c_scalar,ours,rand_seed0,1,5000,0.878,0.952,1.24,2.36,ok,,True
cpu,none,i5-13500H,c_scalar,ours,hostile,1000,5000,0.184,1.971,4.787,32.145,ok,,True
cpu,none,i5-13500H,torchvision,library,notebook32,1,5000,15.657,16.666,25.074,180.454,ok,,True
cpu,none,i5-13500H,torchvision,library,all_survive,1,5000,16.206,17.2835,26.42,186.897,ok,,True
cpu,none,i5-13500H,torchvision,library,all_equal,1,5000,15.544,16.504,22.613,127.285,ok,,True
cpu,none,i5-13500H,torchvision,library,rand_seed0,1,5000,16.523,17.292,23.612,33.817,ok,,True
cpu,none,i5-13500H,torchvision,library,hostile,1000,5000,15.402,18.833,26.363,47.728,ok,,True
cpu,none,i5-13500H,opencv,library,notebook32,1,5000,3.788,3.996,5.421,9.049,ok,,True
cpu,none,i5-13500H,opencv,library,all_survive,1,5000,4.978,5.303,7.239,57.791,ok,,True
cpu,none,i5-13500H,opencv,library,all_equal,1,5000,3.552,3.757,5.155,29.726,ok,,True
cpu,none,i5-13500H,opencv,library,rand_seed0,1,5000,4.74,5.021,6.827,74.188,ok,,True
cpu,none,i5-13500H,opencv,library,hostile,1000,5000,3.652,8.8985,14.149,45.936,explained,ties=173,True
