Sample in Buffer,Sample in Window,TRIGGER,start,done,busy,settled,we
Radix - UNSIGNED,UNSIGNED,UNSIGNED,HEX,HEX,HEX,HEX,HEX
0,0,0,0,0,0,1,0
1,1,0,0,0,0,1,0
2,2,0,0,0,0,1,0
3,3,0,0,0,0,1,0
4,4,0,0,0,0,1,0
5,5,0,0,0,0,1,0
6,6,0,0,0,0,1,0
7,7,0,0,0,0,1,0
8,8,1,1,0,0,1,0
9,9,0,0,0,1,1,0
10,10,0,0,0,1,1,0
11,11,0,0,0,1,1,0
12,12,0,0,0,1,1,0
13,13,0,0,0,1,1,0
14,14,0,0,0,1,1,0
15,15,0,0,0,1,1,0
16,16,0,0,0,1,1,0
17,17,0,0,0,1,1,0
18,18,0,0,0,1,1,0
19,19,0,0,0,1,1,0
20,20,0,0,0,1,1,0
21,21,0,0,0,1,1,0
22,22,0,0,0,1,1,0
23,23,0,0,0,1,1,0
24,24,0,0,0,1,1,0
25,25,0,0,0,1,1,0
26,26,0,0,0,1,1,0
27,27,0,0,0,1,1,0
28,28,0,0,0,1,1,0
29,29,0,0,0,1,1,0
30,30,0,0,0,1,1,0
31,31,0,0,0,1,1,0
32,32,0,0,0,1,1,0
33,33,0,0,0,1,1,0
34,34,0,0,0,1,1,0
35,35,0,0,0,1,1,0
36,36,0,0,0,1,1,0
37,37,0,0,0,1,1,0
38,38,0,0,0,1,1,0
39,39,0,0,0,1,1,0
40,40,0,0,0,1,1,0
41,41,0,0,0,1,1,0
42,42,0,0,0,1,1,0
43,43,0,0,0,1,1,0
44,44,0,0,0,1,1,0
45,45,0,0,0,1,1,0
46,46,0,0,0,1,1,0
47,47,0,0,0,1,1,0
48,48,0,0,0,1,1,0
49,49,0,0,0,1,1,0
50,50,0,0,0,1,1,0
51,51,0,0,0,1,1,0
52,52,0,0,0,1,1,0
53,53,0,0,0,1,1,0
54,54,0,0,0,1,1,0
55,55,0,0,0,1,1,0
56,56,0,0,0,1,1,0
57,57,0,0,0,1,1,0
58,58,0,0,0,1,1,0
59,59,0,0,0,1,1,0
60,60,0,0,0,1,1,0
61,61,0,0,0,1,1,0
62,62,0,0,0,1,1,0
63,63,0,0,0,1,1,0
64,64,0,0,0,1,1,0
65,65,0,0,0,1,1,0
66,66,0,0,0,1,1,0
67,67,0,0,0,1,1,0
68,68,0,0,0,1,1,0
69,69,0,0,0,1,1,0
70,70,0,0,0,1,1,0
71,71,0,0,0,1,1,0
72,72,0,0,0,1,1,0
73,73,0,0,0,1,1,0
74,74,0,0,0,1,1,0
75,75,0,0,0,1,1,0
76,76,0,0,0,1,1,0
77,77,0,0,0,1,1,0
78,78,0,0,0,1,1,0
79,79,0,0,0,1,1,0
80,80,0,0,0,1,1,0
81,81,0,0,0,1,1,0
82,82,0,0,0,1,1,0
83,83,0,0,0,1,1,0
84,84,0,0,0,1,1,0
85,85,0,0,0,1,1,0
86,86,0,0,0,1,1,0
87,87,0,0,0,1,1,0
88,88,0,0,1,1,1,0
89,89,0,0,0,0,1,0
90,90,0,0,0,0,1,0
91,91,0,0,0,0,1,0
92,92,0,0,0,0,1,0
93,93,0,0,0,0,1,0
94,94,0,0,0,0,1,0
95,95,0,0,0,0,1,0
96,96,0,0,0,0,1,0
97,97,0,0,0,0,1,0
98,98,0,0,0,0,1,0
99,99,0,0,0,0,1,0
100,100,0,0,0,0,1,0
101,101,0,0,0,0,1,0
102,102,0,0,0,0,1,0
103,103,0,0,0,0,1,0
104,104,0,0,0,0,1,0
105,105,0,0,0,0,1,0
106,106,0,0,0,0,1,0
107,107,0,0,0,0,1,0
108,108,0,0,0,0,1,0
109,109,0,0,0,0,1,0
110,110,0,0,0,0,1,0
111,111,0,0,0,0,1,0
112,112,0,0,0,0,1,0
113,113,0,0,0,0,1,0
114,114,0,0,0,0,1,0
115,115,0,0,0,0,1,0
116,116,0,0,0,0,1,0
117,117,0,0,0,0,1,0
118,118,0,0,0,0,1,0
119,119,0,0,0,0,1,0
120,120,0,0,0,0,1,0
121,121,0,0,0,0,1,0
122,122,0,0,0,0,1,0
123,123,0,0,0,0,1,0
124,124,0,0,0,0,1,0
125,125,0,0,0,0,1,0
126,126,0,0,0,0,1,0
127,127,0,0,0,0,1,0
128,0,0,0,0,0,1,0
129,1,0,0,0,0,1,0
130,2,0,0,0,0,1,0
131,3,0,0,0,0,1,0
132,4,0,0,0,0,1,0
133,5,0,0,0,0,1,0
134,6,0,0,0,0,1,0
135,7,0,0,0,0,1,0
136,8,1,1,0,0,1,0
137,9,0,0,0,1,1,0
138,10,0,0,0,1,1,0
139,11,0,0,0,1,1,0
140,12,0,0,0,1,1,0
141,13,0,0,0,1,1,0
142,14,0,0,0,1,1,0
143,15,0,0,0,1,1,0
144,16,0,0,0,1,1,0
145,17,0,0,0,1,1,0
146,18,0,0,0,1,1,0
147,19,0,0,0,1,1,0
148,20,0,0,0,1,1,0
149,21,0,0,0,1,1,0
150,22,0,0,0,1,1,0
151,23,0,0,0,1,1,0
152,24,0,0,0,1,1,0
153,25,0,0,0,1,1,0
154,26,0,0,0,1,1,0
155,27,0,0,0,1,1,0
156,28,0,0,0,1,1,0
157,29,0,0,0,1,1,0
158,30,0,0,0,1,1,0
159,31,0,0,0,1,1,0
160,32,0,0,0,1,1,0
161,33,0,0,0,1,1,0
162,34,0,0,0,1,1,0
163,35,0,0,0,1,1,0
164,36,0,0,0,1,1,0
165,37,0,0,0,1,1,0
166,38,0,0,0,1,1,0
167,39,0,0,0,1,1,0
168,40,0,0,0,1,1,0
169,41,0,0,0,1,1,0
170,42,0,0,0,1,1,0
171,43,0,0,0,1,1,0
172,44,0,0,0,1,1,0
173,45,0,0,0,1,1,0
174,46,0,0,0,1,1,0
175,47,0,0,0,1,1,0
176,48,0,0,0,1,1,0
177,49,0,0,0,1,1,0
178,50,0,0,0,1,1,0
179,51,0,0,0,1,1,0
180,52,0,0,0,1,1,0
181,53,0,0,0,1,1,0
182,54,0,0,0,1,1,0
183,55,0,0,0,1,1,0
184,56,0,0,0,1,1,0
185,57,0,0,0,1,1,0
186,58,0,0,0,1,1,0
187,59,0,0,0,1,1,0
188,60,0,0,0,1,1,0
189,61,0,0,0,1,1,0
190,62,0,0,0,1,1,0
191,63,0,0,0,1,1,0
192,64,0,0,0,1,1,0
193,65,0,0,0,1,1,0
194,66,0,0,0,1,1,0
195,67,0,0,0,1,1,0
196,68,0,0,0,1,1,0
197,69,0,0,0,1,1,0
198,70,0,0,0,1,1,0
199,71,0,0,0,1,1,0
200,72,0,0,0,1,1,0
201,73,0,0,0,1,1,0
202,74,0,0,0,1,1,0
203,75,0,0,0,1,1,0
204,76,0,0,0,1,1,0
205,77,0,0,0,1,1,0
206,78,0,0,0,1,1,0
207,79,0,0,0,1,1,0
208,80,0,0,0,1,1,0
209,81,0,0,0,1,1,0
210,82,0,0,0,1,1,0
211,83,0,0,0,1,1,0
212,84,0,0,0,1,1,0
213,85,0,0,0,1,1,0
214,86,0,0,0,1,1,0
215,87,0,0,0,1,1,0
216,88,0,0,1,1,1,0
217,89,0,0,0,0,1,0
218,90,0,0,0,0,1,0
219,91,0,0,0,0,1,0
220,92,0,0,0,0,1,0
221,93,0,0,0,0,1,0
222,94,0,0,0,0,1,0
223,95,0,0,0,0,1,0
224,96,0,0,0,0,1,0
225,97,0,0,0,0,1,0
226,98,0,0,0,0,1,0
227,99,0,0,0,0,1,0
228,100,0,0,0,0,1,0
229,101,0,0,0,0,1,0
230,102,0,0,0,0,1,0
231,103,0,0,0,0,1,0
232,104,0,0,0,0,1,0
233,105,0,0,0,0,1,0
234,106,0,0,0,0,1,0
235,107,0,0,0,0,1,0
236,108,0,0,0,0,1,0
237,109,0,0,0,0,1,0
238,110,0,0,0,0,1,0
239,111,0,0,0,0,1,0
240,112,0,0,0,0,1,0
241,113,0,0,0,0,1,0
242,114,0,0,0,0,1,0
243,115,0,0,0,0,1,0
244,116,0,0,0,0,1,0
245,117,0,0,0,0,1,0
246,118,0,0,0,0,1,0
247,119,0,0,0,0,1,0
248,120,0,0,0,0,1,0
249,121,0,0,0,0,1,0
250,122,0,0,0,0,1,0
251,123,0,0,0,0,1,0
252,124,0,0,0,0,1,0
253,125,0,0,0,0,1,0
254,126,0,0,0,0,1,0
255,127,0,0,0,0,1,0
256,0,0,0,0,0,1,0
257,1,0,0,0,0,1,0
258,2,0,0,0,0,1,0
259,3,0,0,0,0,1,0
260,4,0,0,0,0,1,0
261,5,0,0,0,0,1,0
262,6,0,0,0,0,1,0
263,7,0,0,0,0,1,0
264,8,1,1,0,0,1,0
265,9,0,0,0,1,1,0
266,10,0,0,0,1,1,0
267,11,0,0,0,1,1,0
268,12,0,0,0,1,1,0
269,13,0,0,0,1,1,0
270,14,0,0,0,1,1,0
271,15,0,0,0,1,1,0
272,16,0,0,0,1,1,0
273,17,0,0,0,1,1,0
274,18,0,0,0,1,1,0
275,19,0,0,0,1,1,0
276,20,0,0,0,1,1,0
277,21,0,0,0,1,1,0
278,22,0,0,0,1,1,0
279,23,0,0,0,1,1,0
280,24,0,0,0,1,1,0
281,25,0,0,0,1,1,0
282,26,0,0,0,1,1,0
283,27,0,0,0,1,1,0
284,28,0,0,0,1,1,0
285,29,0,0,0,1,1,0
286,30,0,0,0,1,1,0
287,31,0,0,0,1,1,0
288,32,0,0,0,1,1,0
289,33,0,0,0,1,1,0
290,34,0,0,0,1,1,0
291,35,0,0,0,1,1,0
292,36,0,0,0,1,1,0
293,37,0,0,0,1,1,0
294,38,0,0,0,1,1,0
295,39,0,0,0,1,1,0
296,40,0,0,0,1,1,0
297,41,0,0,0,1,1,0
298,42,0,0,0,1,1,0
299,43,0,0,0,1,1,0
300,44,0,0,0,1,1,0
301,45,0,0,0,1,1,0
302,46,0,0,0,1,1,0
303,47,0,0,0,1,1,0
304,48,0,0,0,1,1,0
305,49,0,0,0,1,1,0
306,50,0,0,0,1,1,0
307,51,0,0,0,1,1,0
308,52,0,0,0,1,1,0
309,53,0,0,0,1,1,0
310,54,0,0,0,1,1,0
311,55,0,0,0,1,1,0
312,56,0,0,0,1,1,0
313,57,0,0,0,1,1,0
314,58,0,0,0,1,1,0
315,59,0,0,0,1,1,0
316,60,0,0,0,1,1,0
317,61,0,0,0,1,1,0
318,62,0,0,0,1,1,0
319,63,0,0,0,1,1,0
320,64,0,0,0,1,1,0
321,65,0,0,0,1,1,0
322,66,0,0,0,1,1,0
323,67,0,0,0,1,1,0
324,68,0,0,0,1,1,0
325,69,0,0,0,1,1,0
326,70,0,0,0,1,1,0
327,71,0,0,0,1,1,0
328,72,0,0,0,1,1,0
329,73,0,0,0,1,1,0
330,74,0,0,0,1,1,0
331,75,0,0,0,1,1,0
332,76,0,0,0,1,1,0
333,77,0,0,0,1,1,0
334,78,0,0,0,1,1,0
335,79,0,0,0,1,1,0
336,80,0,0,0,1,1,0
337,81,0,0,0,1,1,0
338,82,0,0,0,1,1,0
339,83,0,0,0,1,1,0
340,84,0,0,0,1,1,0
341,85,0,0,0,1,1,0
342,86,0,0,0,1,1,0
343,87,0,0,0,1,1,0
344,88,0,0,1,1,1,0
345,89,0,0,0,0,1,0
346,90,0,0,0,0,1,0
347,91,0,0,0,0,1,0
348,92,0,0,0,0,1,0
349,93,0,0,0,0,1,0
350,94,0,0,0,0,1,0
351,95,0,0,0,0,1,0
352,96,0,0,0,0,1,0
353,97,0,0,0,0,1,0
354,98,0,0,0,0,1,0
355,99,0,0,0,0,1,0
356,100,0,0,0,0,1,0
357,101,0,0,0,0,1,0
358,102,0,0,0,0,1,0
359,103,0,0,0,0,1,0
360,104,0,0,0,0,1,0
361,105,0,0,0,0,1,0
362,106,0,0,0,0,1,0
363,107,0,0,0,0,1,0
364,108,0,0,0,0,1,0
365,109,0,0,0,0,1,0
366,110,0,0,0,0,1,0
367,111,0,0,0,0,1,0
368,112,0,0,0,0,1,0
369,113,0,0,0,0,1,0
370,114,0,0,0,0,1,0
371,115,0,0,0,0,1,0
372,116,0,0,0,0,1,0
373,117,0,0,0,0,1,0
374,118,0,0,0,0,1,0
375,119,0,0,0,0,1,0
376,120,0,0,0,0,1,0
377,121,0,0,0,0,1,0
378,122,0,0,0,0,1,0
379,123,0,0,0,0,1,0
380,124,0,0,0,0,1,0
381,125,0,0,0,0,1,0
382,126,0,0,0,0,1,0
383,127,0,0,0,0,1,0
384,0,0,0,0,0,1,0
385,1,0,0,0,0,1,0
386,2,0,0,0,0,1,0
387,3,0,0,0,0,1,0
388,4,0,0,0,0,1,0
389,5,0,0,0,0,1,0
390,6,0,0,0,0,1,0
391,7,0,0,0,0,1,0
392,8,1,1,0,0,1,0
393,9,0,0,0,1,1,0
394,10,0,0,0,1,1,0
395,11,0,0,0,1,1,0
396,12,0,0,0,1,1,0
397,13,0,0,0,1,1,0
398,14,0,0,0,1,1,0
399,15,0,0,0,1,1,0
400,16,0,0,0,1,1,0
401,17,0,0,0,1,1,0
402,18,0,0,0,1,1,0
403,19,0,0,0,1,1,0
404,20,0,0,0,1,1,0
405,21,0,0,0,1,1,0
406,22,0,0,0,1,1,0
407,23,0,0,0,1,1,0
408,24,0,0,0,1,1,0
409,25,0,0,0,1,1,0
410,26,0,0,0,1,1,0
411,27,0,0,0,1,1,0
412,28,0,0,0,1,1,0
413,29,0,0,0,1,1,0
414,30,0,0,0,1,1,0
415,31,0,0,0,1,1,0
416,32,0,0,0,1,1,0
417,33,0,0,0,1,1,0
418,34,0,0,0,1,1,0
419,35,0,0,0,1,1,0
420,36,0,0,0,1,1,0
421,37,0,0,0,1,1,0
422,38,0,0,0,1,1,0
423,39,0,0,0,1,1,0
424,40,0,0,0,1,1,0
425,41,0,0,0,1,1,0
426,42,0,0,0,1,1,0
427,43,0,0,0,1,1,0
428,44,0,0,0,1,1,0
429,45,0,0,0,1,1,0
430,46,0,0,0,1,1,0
431,47,0,0,0,1,1,0
432,48,0,0,0,1,1,0
433,49,0,0,0,1,1,0
434,50,0,0,0,1,1,0
435,51,0,0,0,1,1,0
436,52,0,0,0,1,1,0
437,53,0,0,0,1,1,0
438,54,0,0,0,1,1,0
439,55,0,0,0,1,1,0
440,56,0,0,0,1,1,0
441,57,0,0,0,1,1,0
442,58,0,0,0,1,1,0
443,59,0,0,0,1,1,0
444,60,0,0,0,1,1,0
445,61,0,0,0,1,1,0
446,62,0,0,0,1,1,0
447,63,0,0,0,1,1,0
448,64,0,0,0,1,1,0
449,65,0,0,0,1,1,0
450,66,0,0,0,1,1,0
451,67,0,0,0,1,1,0
452,68,0,0,0,1,1,0
453,69,0,0,0,1,1,0
454,70,0,0,0,1,1,0
455,71,0,0,0,1,1,0
456,72,0,0,0,1,1,0
457,73,0,0,0,1,1,0
458,74,0,0,0,1,1,0
459,75,0,0,0,1,1,0
460,76,0,0,0,1,1,0
461,77,0,0,0,1,1,0
462,78,0,0,0,1,1,0
463,79,0,0,0,1,1,0
464,80,0,0,0,1,1,0
465,81,0,0,0,1,1,0
466,82,0,0,0,1,1,0
467,83,0,0,0,1,1,0
468,84,0,0,0,1,1,0
469,85,0,0,0,1,1,0
470,86,0,0,0,1,1,0
471,87,0,0,0,1,1,0
472,88,0,0,1,1,1,0
473,89,0,0,0,0,1,0
474,90,0,0,0,0,1,0
475,91,0,0,0,0,1,0
476,92,0,0,0,0,1,0
477,93,0,0,0,0,1,0
478,94,0,0,0,0,1,0
479,95,0,0,0,0,1,0
480,96,0,0,0,0,1,0
481,97,0,0,0,0,1,0
482,98,0,0,0,0,1,0
483,99,0,0,0,0,1,0
484,100,0,0,0,0,1,0
485,101,0,0,0,0,1,0
486,102,0,0,0,0,1,0
487,103,0,0,0,0,1,0
488,104,0,0,0,0,1,0
489,105,0,0,0,0,1,0
490,106,0,0,0,0,1,0
491,107,0,0,0,0,1,0
492,108,0,0,0,0,1,0
493,109,0,0,0,0,1,0
494,110,0,0,0,0,1,0
495,111,0,0,0,0,1,0
496,112,0,0,0,0,1,0
497,113,0,0,0,0,1,0
498,114,0,0,0,0,1,0
499,115,0,0,0,0,1,0
500,116,0,0,0,0,1,0
501,117,0,0,0,0,1,0
502,118,0,0,0,0,1,0
503,119,0,0,0,0,1,0
504,120,0,0,0,0,1,0
505,121,0,0,0,0,1,0
506,122,0,0,0,0,1,0
507,123,0,0,0,0,1,0
508,124,0,0,0,0,1,0
509,125,0,0,0,0,1,0
510,126,0,0,0,0,1,0
511,127,0,0,0,0,1,0
512,0,0,0,0,0,1,0
513,1,0,0,0,0,1,0
514,2,0,0,0,0,1,0
515,3,0,0,0,0,1,0
516,4,0,0,0,0,1,0
517,5,0,0,0,0,1,0
518,6,0,0,0,0,1,0
519,7,0,0,0,0,1,0
520,8,1,1,0,0,1,0
521,9,0,0,0,1,1,0
522,10,0,0,0,1,1,0
523,11,0,0,0,1,1,0
524,12,0,0,0,1,1,0
525,13,0,0,0,1,1,0
526,14,0,0,0,1,1,0
527,15,0,0,0,1,1,0
528,16,0,0,0,1,1,0
529,17,0,0,0,1,1,0
530,18,0,0,0,1,1,0
531,19,0,0,0,1,1,0
532,20,0,0,0,1,1,0
533,21,0,0,0,1,1,0
534,22,0,0,0,1,1,0
535,23,0,0,0,1,1,0
536,24,0,0,0,1,1,0
537,25,0,0,0,1,1,0
538,26,0,0,0,1,1,0
539,27,0,0,0,1,1,0
540,28,0,0,0,1,1,0
541,29,0,0,0,1,1,0
542,30,0,0,0,1,1,0
543,31,0,0,0,1,1,0
544,32,0,0,0,1,1,0
545,33,0,0,0,1,1,0
546,34,0,0,0,1,1,0
547,35,0,0,0,1,1,0
548,36,0,0,0,1,1,0
549,37,0,0,0,1,1,0
550,38,0,0,0,1,1,0
551,39,0,0,0,1,1,0
552,40,0,0,0,1,1,0
553,41,0,0,0,1,1,0
554,42,0,0,0,1,1,0
555,43,0,0,0,1,1,0
556,44,0,0,0,1,1,0
557,45,0,0,0,1,1,0
558,46,0,0,0,1,1,0
559,47,0,0,0,1,1,0
560,48,0,0,0,1,1,0
561,49,0,0,0,1,1,0
562,50,0,0,0,1,1,0
563,51,0,0,0,1,1,0
564,52,0,0,0,1,1,0
565,53,0,0,0,1,1,0
566,54,0,0,0,1,1,0
567,55,0,0,0,1,1,0
568,56,0,0,0,1,1,0
569,57,0,0,0,1,1,0
570,58,0,0,0,1,1,0
571,59,0,0,0,1,1,0
572,60,0,0,0,1,1,0
573,61,0,0,0,1,1,0
574,62,0,0,0,1,1,0
575,63,0,0,0,1,1,0
576,64,0,0,0,1,1,0
577,65,0,0,0,1,1,0
578,66,0,0,0,1,1,0
579,67,0,0,0,1,1,0
580,68,0,0,0,1,1,0
581,69,0,0,0,1,1,0
582,70,0,0,0,1,1,0
583,71,0,0,0,1,1,0
584,72,0,0,0,1,1,0
585,73,0,0,0,1,1,0
586,74,0,0,0,1,1,0
587,75,0,0,0,1,1,0
588,76,0,0,0,1,1,0
589,77,0,0,0,1,1,0
590,78,0,0,0,1,1,0
591,79,0,0,0,1,1,0
592,80,0,0,0,1,1,0
593,81,0,0,0,1,1,0
594,82,0,0,0,1,1,0
595,83,0,0,0,1,1,0
596,84,0,0,0,1,1,0
597,85,0,0,0,1,1,0
598,86,0,0,0,1,1,0
599,87,0,0,0,1,1,0
600,88,0,0,1,1,1,0
601,89,0,0,0,0,1,0
602,90,0,0,0,0,1,0
603,91,0,0,0,0,1,0
604,92,0,0,0,0,1,0
605,93,0,0,0,0,1,0
606,94,0,0,0,0,1,0
607,95,0,0,0,0,1,0
608,96,0,0,0,0,1,0
609,97,0,0,0,0,1,0
610,98,0,0,0,0,1,0
611,99,0,0,0,0,1,0
612,100,0,0,0,0,1,0
613,101,0,0,0,0,1,0
614,102,0,0,0,0,1,0
615,103,0,0,0,0,1,0
616,104,0,0,0,0,1,0
617,105,0,0,0,0,1,0
618,106,0,0,0,0,1,0
619,107,0,0,0,0,1,0
620,108,0,0,0,0,1,0
621,109,0,0,0,0,1,0
622,110,0,0,0,0,1,0
623,111,0,0,0,0,1,0
624,112,0,0,0,0,1,0
625,113,0,0,0,0,1,0
626,114,0,0,0,0,1,0
627,115,0,0,0,0,1,0
628,116,0,0,0,0,1,0
629,117,0,0,0,0,1,0
630,118,0,0,0,0,1,0
631,119,0,0,0,0,1,0
632,120,0,0,0,0,1,0
633,121,0,0,0,0,1,0
634,122,0,0,0,0,1,0
635,123,0,0,0,0,1,0
636,124,0,0,0,0,1,0
637,125,0,0,0,0,1,0
638,126,0,0,0,0,1,0
639,127,0,0,0,0,1,0
640,0,0,0,0,0,1,0
641,1,0,0,0,0,1,0
642,2,0,0,0,0,1,0
643,3,0,0,0,0,1,0
644,4,0,0,0,0,1,0
645,5,0,0,0,0,1,0
646,6,0,0,0,0,1,0
647,7,0,0,0,0,1,0
648,8,1,1,0,0,1,0
649,9,0,0,0,1,1,0
650,10,0,0,0,1,1,0
651,11,0,0,0,1,1,0
652,12,0,0,0,1,1,0
653,13,0,0,0,1,1,0
654,14,0,0,0,1,1,0
655,15,0,0,0,1,1,0
656,16,0,0,0,1,1,0
657,17,0,0,0,1,1,0
658,18,0,0,0,1,1,0
659,19,0,0,0,1,1,0
660,20,0,0,0,1,1,0
661,21,0,0,0,1,1,0
662,22,0,0,0,1,1,0
663,23,0,0,0,1,1,0
664,24,0,0,0,1,1,0
665,25,0,0,0,1,1,0
666,26,0,0,0,1,1,0
667,27,0,0,0,1,1,0
668,28,0,0,0,1,1,0
669,29,0,0,0,1,1,0
670,30,0,0,0,1,1,0
671,31,0,0,0,1,1,0
672,32,0,0,0,1,1,0
673,33,0,0,0,1,1,0
674,34,0,0,0,1,1,0
675,35,0,0,0,1,1,0
676,36,0,0,0,1,1,0
677,37,0,0,0,1,1,0
678,38,0,0,0,1,1,0
679,39,0,0,0,1,1,0
680,40,0,0,0,1,1,0
681,41,0,0,0,1,1,0
682,42,0,0,0,1,1,0
683,43,0,0,0,1,1,0
684,44,0,0,0,1,1,0
685,45,0,0,0,1,1,0
686,46,0,0,0,1,1,0
687,47,0,0,0,1,1,0
688,48,0,0,0,1,1,0
689,49,0,0,0,1,1,0
690,50,0,0,0,1,1,0
691,51,0,0,0,1,1,0
692,52,0,0,0,1,1,0
693,53,0,0,0,1,1,0
694,54,0,0,0,1,1,0
695,55,0,0,0,1,1,0
696,56,0,0,0,1,1,0
697,57,0,0,0,1,1,0
698,58,0,0,0,1,1,0
699,59,0,0,0,1,1,0
700,60,0,0,0,1,1,0
701,61,0,0,0,1,1,0
702,62,0,0,0,1,1,0
703,63,0,0,0,1,1,0
704,64,0,0,0,1,1,0
705,65,0,0,0,1,1,0
706,66,0,0,0,1,1,0
707,67,0,0,0,1,1,0
708,68,0,0,0,1,1,0
709,69,0,0,0,1,1,0
710,70,0,0,0,1,1,0
711,71,0,0,0,1,1,0
712,72,0,0,0,1,1,0
713,73,0,0,0,1,1,0
714,74,0,0,0,1,1,0
715,75,0,0,0,1,1,0
716,76,0,0,0,1,1,0
717,77,0,0,0,1,1,0
718,78,0,0,0,1,1,0
719,79,0,0,0,1,1,0
720,80,0,0,0,1,1,0
721,81,0,0,0,1,1,0
722,82,0,0,0,1,1,0
723,83,0,0,0,1,1,0
724,84,0,0,0,1,1,0
725,85,0,0,0,1,1,0
726,86,0,0,0,1,1,0
727,87,0,0,0,1,1,0
728,88,0,0,1,1,1,0
729,89,0,0,0,0,1,0
730,90,0,0,0,0,1,0
731,91,0,0,0,0,1,0
732,92,0,0,0,0,1,0
733,93,0,0,0,0,1,0
734,94,0,0,0,0,1,0
735,95,0,0,0,0,1,0
736,96,0,0,0,0,1,0
737,97,0,0,0,0,1,0
738,98,0,0,0,0,1,0
739,99,0,0,0,0,1,0
740,100,0,0,0,0,1,0
741,101,0,0,0,0,1,0
742,102,0,0,0,0,1,0
743,103,0,0,0,0,1,0
744,104,0,0,0,0,1,0
745,105,0,0,0,0,1,0
746,106,0,0,0,0,1,0
747,107,0,0,0,0,1,0
748,108,0,0,0,0,1,0
749,109,0,0,0,0,1,0
750,110,0,0,0,0,1,0
751,111,0,0,0,0,1,0
752,112,0,0,0,0,1,0
753,113,0,0,0,0,1,0
754,114,0,0,0,0,1,0
755,115,0,0,0,0,1,0
756,116,0,0,0,0,1,0
757,117,0,0,0,0,1,0
758,118,0,0,0,0,1,0
759,119,0,0,0,0,1,0
760,120,0,0,0,0,1,0
761,121,0,0,0,0,1,0
762,122,0,0,0,0,1,0
763,123,0,0,0,0,1,0
764,124,0,0,0,0,1,0
765,125,0,0,0,0,1,0
766,126,0,0,0,0,1,0
767,127,0,0,0,0,1,0
768,0,0,0,0,0,1,0
769,1,0,0,0,0,1,0
770,2,0,0,0,0,1,0
771,3,0,0,0,0,1,0
772,4,0,0,0,0,1,0
773,5,0,0,0,0,1,0
774,6,0,0,0,0,1,0
775,7,0,0,0,0,1,0
776,8,1,1,0,0,1,0
777,9,0,0,0,1,1,0
778,10,0,0,0,1,1,0
779,11,0,0,0,1,1,0
780,12,0,0,0,1,1,0
781,13,0,0,0,1,1,0
782,14,0,0,0,1,1,0
783,15,0,0,0,1,1,0
784,16,0,0,0,1,1,0
785,17,0,0,0,1,1,0
786,18,0,0,0,1,1,0
787,19,0,0,0,1,1,0
788,20,0,0,0,1,1,0
789,21,0,0,0,1,1,0
790,22,0,0,0,1,1,0
791,23,0,0,0,1,1,0
792,24,0,0,0,1,1,0
793,25,0,0,0,1,1,0
794,26,0,0,0,1,1,0
795,27,0,0,0,1,1,0
796,28,0,0,0,1,1,0
797,29,0,0,0,1,1,0
798,30,0,0,0,1,1,0
799,31,0,0,0,1,1,0
800,32,0,0,0,1,1,0
801,33,0,0,0,1,1,0
802,34,0,0,0,1,1,0
803,35,0,0,0,1,1,0
804,36,0,0,0,1,1,0
805,37,0,0,0,1,1,0
806,38,0,0,0,1,1,0
807,39,0,0,0,1,1,0
808,40,0,0,0,1,1,0
809,41,0,0,0,1,1,0
810,42,0,0,0,1,1,0
811,43,0,0,0,1,1,0
812,44,0,0,0,1,1,0
813,45,0,0,0,1,1,0
814,46,0,0,0,1,1,0
815,47,0,0,0,1,1,0
816,48,0,0,0,1,1,0
817,49,0,0,0,1,1,0
818,50,0,0,0,1,1,0
819,51,0,0,0,1,1,0
820,52,0,0,0,1,1,0
821,53,0,0,0,1,1,0
822,54,0,0,0,1,1,0
823,55,0,0,0,1,1,0
824,56,0,0,0,1,1,0
825,57,0,0,0,1,1,0
826,58,0,0,0,1,1,0
827,59,0,0,0,1,1,0
828,60,0,0,0,1,1,0
829,61,0,0,0,1,1,0
830,62,0,0,0,1,1,0
831,63,0,0,0,1,1,0
832,64,0,0,0,1,1,0
833,65,0,0,0,1,1,0
834,66,0,0,0,1,1,0
835,67,0,0,0,1,1,0
836,68,0,0,0,1,1,0
837,69,0,0,0,1,1,0
838,70,0,0,0,1,1,0
839,71,0,0,0,1,1,0
840,72,0,0,0,1,1,0
841,73,0,0,0,1,1,0
842,74,0,0,0,1,1,0
843,75,0,0,0,1,1,0
844,76,0,0,0,1,1,0
845,77,0,0,0,1,1,0
846,78,0,0,0,1,1,0
847,79,0,0,0,1,1,0
848,80,0,0,0,1,1,0
849,81,0,0,0,1,1,0
850,82,0,0,0,1,1,0
851,83,0,0,0,1,1,0
852,84,0,0,0,1,1,0
853,85,0,0,0,1,1,0
854,86,0,0,0,1,1,0
855,87,0,0,0,1,1,0
856,88,0,0,1,1,1,0
857,89,0,0,0,0,1,0
858,90,0,0,0,0,1,0
859,91,0,0,0,0,1,0
860,92,0,0,0,0,1,0
861,93,0,0,0,0,1,0
862,94,0,0,0,0,1,0
863,95,0,0,0,0,1,0
864,96,0,0,0,0,1,0
865,97,0,0,0,0,1,0
866,98,0,0,0,0,1,0
867,99,0,0,0,0,1,0
868,100,0,0,0,0,1,0
869,101,0,0,0,0,1,0
870,102,0,0,0,0,1,0
871,103,0,0,0,0,1,0
872,104,0,0,0,0,1,0
873,105,0,0,0,0,1,0
874,106,0,0,0,0,1,0
875,107,0,0,0,0,1,0
876,108,0,0,0,0,1,0
877,109,0,0,0,0,1,0
878,110,0,0,0,0,1,0
879,111,0,0,0,0,1,0
880,112,0,0,0,0,1,0
881,113,0,0,0,0,1,0
882,114,0,0,0,0,1,0
883,115,0,0,0,0,1,0
884,116,0,0,0,0,1,0
885,117,0,0,0,0,1,0
886,118,0,0,0,0,1,0
887,119,0,0,0,0,1,0
888,120,0,0,0,0,1,0
889,121,0,0,0,0,1,0
890,122,0,0,0,0,1,0
891,123,0,0,0,0,1,0
892,124,0,0,0,0,1,0
893,125,0,0,0,0,1,0
894,126,0,0,0,0,1,0
895,127,0,0,0,0,1,0
896,0,0,0,0,0,1,0
897,1,0,0,0,0,1,0
898,2,0,0,0,0,1,0
899,3,0,0,0,0,1,0
900,4,0,0,0,0,1,0
901,5,0,0,0,0,1,0
902,6,0,0,0,0,1,0
903,7,0,0,0,0,1,0
904,8,1,1,0,0,1,0
905,9,0,0,0,1,1,0
906,10,0,0,0,1,1,0
907,11,0,0,0,1,1,0
908,12,0,0,0,1,1,0
909,13,0,0,0,1,1,0
910,14,0,0,0,1,1,0
911,15,0,0,0,1,1,0
912,16,0,0,0,1,1,0
913,17,0,0,0,1,1,0
914,18,0,0,0,1,1,0
915,19,0,0,0,1,1,0
916,20,0,0,0,1,1,0
917,21,0,0,0,1,1,0
918,22,0,0,0,1,1,0
919,23,0,0,0,1,1,0
920,24,0,0,0,1,1,0
921,25,0,0,0,1,1,0
922,26,0,0,0,1,1,0
923,27,0,0,0,1,1,0
924,28,0,0,0,1,1,0
925,29,0,0,0,1,1,0
926,30,0,0,0,1,1,0
927,31,0,0,0,1,1,0
928,32,0,0,0,1,1,0
929,33,0,0,0,1,1,0
930,34,0,0,0,1,1,0
931,35,0,0,0,1,1,0
932,36,0,0,0,1,1,0
933,37,0,0,0,1,1,0
934,38,0,0,0,1,1,0
935,39,0,0,0,1,1,0
936,40,0,0,0,1,1,0
937,41,0,0,0,1,1,0
938,42,0,0,0,1,1,0
939,43,0,0,0,1,1,0
940,44,0,0,0,1,1,0
941,45,0,0,0,1,1,0
942,46,0,0,0,1,1,0
943,47,0,0,0,1,1,0
944,48,0,0,0,1,1,0
945,49,0,0,0,1,1,0
946,50,0,0,0,1,1,0
947,51,0,0,0,1,1,0
948,52,0,0,0,1,1,0
949,53,0,0,0,1,1,0
950,54,0,0,0,1,1,0
951,55,0,0,0,1,1,0
952,56,0,0,0,1,1,0
953,57,0,0,0,1,1,0
954,58,0,0,0,1,1,0
955,59,0,0,0,1,1,0
956,60,0,0,0,1,1,0
957,61,0,0,0,1,1,0
958,62,0,0,0,1,1,0
959,63,0,0,0,1,1,0
960,64,0,0,0,1,1,0
961,65,0,0,0,1,1,0
962,66,0,0,0,1,1,0
963,67,0,0,0,1,1,0
964,68,0,0,0,1,1,0
965,69,0,0,0,1,1,0
966,70,0,0,0,1,1,0
967,71,0,0,0,1,1,0
968,72,0,0,0,1,1,0
969,73,0,0,0,1,1,0
970,74,0,0,0,1,1,0
971,75,0,0,0,1,1,0
972,76,0,0,0,1,1,0
973,77,0,0,0,1,1,0
974,78,0,0,0,1,1,0
975,79,0,0,0,1,1,0
976,80,0,0,0,1,1,0
977,81,0,0,0,1,1,0
978,82,0,0,0,1,1,0
979,83,0,0,0,1,1,0
980,84,0,0,0,1,1,0
981,85,0,0,0,1,1,0
982,86,0,0,0,1,1,0
983,87,0,0,0,1,1,0
984,88,0,0,1,1,1,0
985,89,0,0,0,0,1,0
986,90,0,0,0,0,1,0
987,91,0,0,0,0,1,0
988,92,0,0,0,0,1,0
989,93,0,0,0,0,1,0
990,94,0,0,0,0,1,0
991,95,0,0,0,0,1,0
992,96,0,0,0,0,1,0
993,97,0,0,0,0,1,0
994,98,0,0,0,0,1,0
995,99,0,0,0,0,1,0
996,100,0,0,0,0,1,0
997,101,0,0,0,0,1,0
998,102,0,0,0,0,1,0
999,103,0,0,0,0,1,0
1000,104,0,0,0,0,1,0
1001,105,0,0,0,0,1,0
1002,106,0,0,0,0,1,0
1003,107,0,0,0,0,1,0
1004,108,0,0,0,0,1,0
1005,109,0,0,0,0,1,0
1006,110,0,0,0,0,1,0
1007,111,0,0,0,0,1,0
1008,112,0,0,0,0,1,0
1009,113,0,0,0,0,1,0
1010,114,0,0,0,0,1,0
1011,115,0,0,0,0,1,0
1012,116,0,0,0,0,1,0
1013,117,0,0,0,0,1,0
1014,118,0,0,0,0,1,0
1015,119,0,0,0,0,1,0
1016,120,0,0,0,0,1,0
1017,121,0,0,0,0,1,0
1018,122,0,0,0,0,1,0
1019,123,0,0,0,0,1,0
1020,124,0,0,0,0,1,0
1021,125,0,0,0,0,1,0
1022,126,0,0,0,0,1,0
1023,127,0,0,0,0,1,0
1024,0,0,0,0,0,1,0
1025,1,0,0,0,0,1,0
1026,2,0,0,0,0,1,0
1027,3,0,0,0,0,1,0
1028,4,0,0,0,0,1,0
1029,5,0,0,0,0,1,0
1030,6,0,0,0,0,1,0
1031,7,0,0,0,0,1,0
1032,8,1,1,0,0,1,0
1033,9,0,0,0,1,1,0
1034,10,0,0,0,1,1,0
1035,11,0,0,0,1,1,0
1036,12,0,0,0,1,1,0
1037,13,0,0,0,1,1,0
1038,14,0,0,0,1,1,0
1039,15,0,0,0,1,1,0
1040,16,0,0,0,1,1,0
1041,17,0,0,0,1,1,0
1042,18,0,0,0,1,1,0
1043,19,0,0,0,1,1,0
1044,20,0,0,0,1,1,0
1045,21,0,0,0,1,1,0
1046,22,0,0,0,1,1,0
1047,23,0,0,0,1,1,0
1048,24,0,0,0,1,1,0
1049,25,0,0,0,1,1,0
1050,26,0,0,0,1,1,0
1051,27,0,0,0,1,1,0
1052,28,0,0,0,1,1,0
1053,29,0,0,0,1,1,0
1054,30,0,0,0,1,1,0
1055,31,0,0,0,1,1,0
1056,32,0,0,0,1,1,0
1057,33,0,0,0,1,1,0
1058,34,0,0,0,1,1,0
1059,35,0,0,0,1,1,0
1060,36,0,0,0,1,1,0
1061,37,0,0,0,1,1,0
1062,38,0,0,0,1,1,0
1063,39,0,0,0,1,1,0
1064,40,0,0,0,1,1,0
1065,41,0,0,0,1,1,0
1066,42,0,0,0,1,1,0
1067,43,0,0,0,1,1,0
1068,44,0,0,0,1,1,0
1069,45,0,0,0,1,1,0
1070,46,0,0,0,1,1,0
1071,47,0,0,0,1,1,0
1072,48,0,0,0,1,1,0
1073,49,0,0,0,1,1,0
1074,50,0,0,0,1,1,0
1075,51,0,0,0,1,1,0
1076,52,0,0,0,1,1,0
1077,53,0,0,0,1,1,0
1078,54,0,0,0,1,1,0
1079,55,0,0,0,1,1,0
1080,56,0,0,0,1,1,0
1081,57,0,0,0,1,1,0
1082,58,0,0,0,1,1,0
1083,59,0,0,0,1,1,0
1084,60,0,0,0,1,1,0
1085,61,0,0,0,1,1,0
1086,62,0,0,0,1,1,0
1087,63,0,0,0,1,1,0
1088,64,0,0,0,1,1,0
1089,65,0,0,0,1,1,0
1090,66,0,0,0,1,1,0
1091,67,0,0,0,1,1,0
1092,68,0,0,0,1,1,0
1093,69,0,0,0,1,1,0
1094,70,0,0,0,1,1,0
1095,71,0,0,0,1,1,0
1096,72,0,0,0,1,1,0
1097,73,0,0,0,1,1,0
1098,74,0,0,0,1,1,0
1099,75,0,0,0,1,1,0
1100,76,0,0,0,1,1,0
1101,77,0,0,0,1,1,0
1102,78,0,0,0,1,1,0
1103,79,0,0,0,1,1,0
1104,80,0,0,0,1,1,0
1105,81,0,0,0,1,1,0
1106,82,0,0,0,1,1,0
1107,83,0,0,0,1,1,0
1108,84,0,0,0,1,1,0
1109,85,0,0,0,1,1,0
1110,86,0,0,0,1,1,0
1111,87,0,0,0,1,1,0
1112,88,0,0,1,1,1,0
1113,89,0,0,0,0,1,0
1114,90,0,0,0,0,1,0
1115,91,0,0,0,0,1,0
1116,92,0,0,0,0,1,0
1117,93,0,0,0,0,1,0
1118,94,0,0,0,0,1,0
1119,95,0,0,0,0,1,0
1120,96,0,0,0,0,1,0
1121,97,0,0,0,0,1,0
1122,98,0,0,0,0,1,0
1123,99,0,0,0,0,1,0
1124,100,0,0,0,0,1,0
1125,101,0,0,0,0,1,0
1126,102,0,0,0,0,1,0
1127,103,0,0,0,0,1,0
1128,104,0,0,0,0,1,0
1129,105,0,0,0,0,1,0
1130,106,0,0,0,0,1,0
1131,107,0,0,0,0,1,0
1132,108,0,0,0,0,1,0
1133,109,0,0,0,0,1,0
1134,110,0,0,0,0,1,0
1135,111,0,0,0,0,1,0
1136,112,0,0,0,0,1,0
1137,113,0,0,0,0,1,0
1138,114,0,0,0,0,1,0
1139,115,0,0,0,0,1,0
1140,116,0,0,0,0,1,0
1141,117,0,0,0,0,1,0
1142,118,0,0,0,0,1,0
1143,119,0,0,0,0,1,0
1144,120,0,0,0,0,1,0
1145,121,0,0,0,0,1,0
1146,122,0,0,0,0,1,0
1147,123,0,0,0,0,1,0
1148,124,0,0,0,0,1,0
1149,125,0,0,0,0,1,0
1150,126,0,0,0,0,1,0
1151,127,0,0,0,0,1,0
1152,0,0,0,0,0,1,0
1153,1,0,0,0,0,1,0
1154,2,0,0,0,0,1,0
1155,3,0,0,0,0,1,0
1156,4,0,0,0,0,1,0
1157,5,0,0,0,0,1,0
1158,6,0,0,0,0,1,0
1159,7,0,0,0,0,1,0
1160,8,1,1,0,0,1,0
1161,9,0,0,0,1,1,0
1162,10,0,0,0,1,1,0
1163,11,0,0,0,1,1,0
1164,12,0,0,0,1,1,0
1165,13,0,0,0,1,1,0
1166,14,0,0,0,1,1,0
1167,15,0,0,0,1,1,0
1168,16,0,0,0,1,1,0
1169,17,0,0,0,1,1,0
1170,18,0,0,0,1,1,0
1171,19,0,0,0,1,1,0
1172,20,0,0,0,1,1,0
1173,21,0,0,0,1,1,0
1174,22,0,0,0,1,1,0
1175,23,0,0,0,1,1,0
1176,24,0,0,0,1,1,0
1177,25,0,0,0,1,1,0
1178,26,0,0,0,1,1,0
1179,27,0,0,0,1,1,0
1180,28,0,0,0,1,1,0
1181,29,0,0,0,1,1,0
1182,30,0,0,0,1,1,0
1183,31,0,0,0,1,1,0
1184,32,0,0,0,1,1,0
1185,33,0,0,0,1,1,0
1186,34,0,0,0,1,1,0
1187,35,0,0,0,1,1,0
1188,36,0,0,0,1,1,0
1189,37,0,0,0,1,1,0
1190,38,0,0,0,1,1,0
1191,39,0,0,0,1,1,0
1192,40,0,0,0,1,1,0
1193,41,0,0,0,1,1,0
1194,42,0,0,0,1,1,0
1195,43,0,0,0,1,1,0
1196,44,0,0,0,1,1,0
1197,45,0,0,0,1,1,0
1198,46,0,0,0,1,1,0
1199,47,0,0,0,1,1,0
1200,48,0,0,0,1,1,0
1201,49,0,0,0,1,1,0
1202,50,0,0,0,1,1,0
1203,51,0,0,0,1,1,0
1204,52,0,0,0,1,1,0
1205,53,0,0,0,1,1,0
1206,54,0,0,0,1,1,0
1207,55,0,0,0,1,1,0
1208,56,0,0,0,1,1,0
1209,57,0,0,0,1,1,0
1210,58,0,0,0,1,1,0
1211,59,0,0,0,1,1,0
1212,60,0,0,0,1,1,0
1213,61,0,0,0,1,1,0
1214,62,0,0,0,1,1,0
1215,63,0,0,0,1,1,0
1216,64,0,0,0,1,1,0
1217,65,0,0,0,1,1,0
1218,66,0,0,0,1,1,0
1219,67,0,0,0,1,1,0
1220,68,0,0,0,1,1,0
1221,69,0,0,0,1,1,0
1222,70,0,0,0,1,1,0
1223,71,0,0,0,1,1,0
1224,72,0,0,0,1,1,0
1225,73,0,0,0,1,1,0
1226,74,0,0,0,1,1,0
1227,75,0,0,0,1,1,0
1228,76,0,0,0,1,1,0
1229,77,0,0,0,1,1,0
1230,78,0,0,0,1,1,0
1231,79,0,0,0,1,1,0
1232,80,0,0,0,1,1,0
1233,81,0,0,0,1,1,0
1234,82,0,0,0,1,1,0
1235,83,0,0,0,1,1,0
1236,84,0,0,0,1,1,0
1237,85,0,0,0,1,1,0
1238,86,0,0,0,1,1,0
1239,87,0,0,0,1,1,0
1240,88,0,0,1,1,1,0
1241,89,0,0,0,0,1,0
1242,90,0,0,0,0,1,0
1243,91,0,0,0,0,1,0
1244,92,0,0,0,0,1,0
1245,93,0,0,0,0,1,0
1246,94,0,0,0,0,1,0
1247,95,0,0,0,0,1,0
1248,96,0,0,0,0,1,0
1249,97,0,0,0,0,1,0
1250,98,0,0,0,0,1,0
1251,99,0,0,0,0,1,0
1252,100,0,0,0,0,1,0
1253,101,0,0,0,0,1,0
1254,102,0,0,0,0,1,0
1255,103,0,0,0,0,1,0
1256,104,0,0,0,0,1,0
1257,105,0,0,0,0,1,0
1258,106,0,0,0,0,1,0
1259,107,0,0,0,0,1,0
1260,108,0,0,0,0,1,0
1261,109,0,0,0,0,1,0
1262,110,0,0,0,0,1,0
1263,111,0,0,0,0,1,0
1264,112,0,0,0,0,1,0
1265,113,0,0,0,0,1,0
1266,114,0,0,0,0,1,0
1267,115,0,0,0,0,1,0
1268,116,0,0,0,0,1,0
1269,117,0,0,0,0,1,0
1270,118,0,0,0,0,1,0
1271,119,0,0,0,0,1,0
1272,120,0,0,0,0,1,0
1273,121,0,0,0,0,1,0
1274,122,0,0,0,0,1,0
1275,123,0,0,0,0,1,0
1276,124,0,0,0,0,1,0
1277,125,0,0,0,0,1,0
1278,126,0,0,0,0,1,0
1279,127,0,0,0,0,1,0
1280,0,0,0,0,0,1,0
1281,1,0,0,0,0,1,0
1282,2,0,0,0,0,1,0
1283,3,0,0,0,0,1,0
1284,4,0,0,0,0,1,0
1285,5,0,0,0,0,1,0
1286,6,0,0,0,0,1,0
1287,7,0,0,0,0,1,0
1288,8,1,1,0,0,1,0
1289,9,0,0,0,1,1,0
1290,10,0,0,0,1,1,0
1291,11,0,0,0,1,1,0
1292,12,0,0,0,1,1,0
1293,13,0,0,0,1,1,0
1294,14,0,0,0,1,1,0
1295,15,0,0,0,1,1,0
1296,16,0,0,0,1,1,0
1297,17,0,0,0,1,1,0
1298,18,0,0,0,1,1,0
1299,19,0,0,0,1,1,0
1300,20,0,0,0,1,1,0
1301,21,0,0,0,1,1,0
1302,22,0,0,0,1,1,0
1303,23,0,0,0,1,1,0
1304,24,0,0,0,1,1,0
1305,25,0,0,0,1,1,0
1306,26,0,0,0,1,1,0
1307,27,0,0,0,1,1,0
1308,28,0,0,0,1,1,0
1309,29,0,0,0,1,1,0
1310,30,0,0,0,1,1,0
1311,31,0,0,0,1,1,0
1312,32,0,0,0,1,1,0
1313,33,0,0,0,1,1,0
1314,34,0,0,0,1,1,0
1315,35,0,0,0,1,1,0
1316,36,0,0,0,1,1,0
1317,37,0,0,0,1,1,0
1318,38,0,0,0,1,1,0
1319,39,0,0,0,1,1,0
1320,40,0,0,0,1,1,0
1321,41,0,0,0,1,1,0
1322,42,0,0,0,1,1,0
1323,43,0,0,0,1,1,0
1324,44,0,0,0,1,1,0
1325,45,0,0,0,1,1,0
1326,46,0,0,0,1,1,0
1327,47,0,0,0,1,1,0
1328,48,0,0,0,1,1,0
1329,49,0,0,0,1,1,0
1330,50,0,0,0,1,1,0
1331,51,0,0,0,1,1,0
1332,52,0,0,0,1,1,0
1333,53,0,0,0,1,1,0
1334,54,0,0,0,1,1,0
1335,55,0,0,0,1,1,0
1336,56,0,0,0,1,1,0
1337,57,0,0,0,1,1,0
1338,58,0,0,0,1,1,0
1339,59,0,0,0,1,1,0
1340,60,0,0,0,1,1,0
1341,61,0,0,0,1,1,0
1342,62,0,0,0,1,1,0
1343,63,0,0,0,1,1,0
1344,64,0,0,0,1,1,0
1345,65,0,0,0,1,1,0
1346,66,0,0,0,1,1,0
1347,67,0,0,0,1,1,0
1348,68,0,0,0,1,1,0
1349,69,0,0,0,1,1,0
1350,70,0,0,0,1,1,0
1351,71,0,0,0,1,1,0
1352,72,0,0,0,1,1,0
1353,73,0,0,0,1,1,0
1354,74,0,0,0,1,1,0
1355,75,0,0,0,1,1,0
1356,76,0,0,0,1,1,0
1357,77,0,0,0,1,1,0
1358,78,0,0,0,1,1,0
1359,79,0,0,0,1,1,0
1360,80,0,0,0,1,1,0
1361,81,0,0,0,1,1,0
1362,82,0,0,0,1,1,0
1363,83,0,0,0,1,1,0
1364,84,0,0,0,1,1,0
1365,85,0,0,0,1,1,0
1366,86,0,0,0,1,1,0
1367,87,0,0,0,1,1,0
1368,88,0,0,1,1,1,0
1369,89,0,0,0,0,1,0
1370,90,0,0,0,0,1,0
1371,91,0,0,0,0,1,0
1372,92,0,0,0,0,1,0
1373,93,0,0,0,0,1,0
1374,94,0,0,0,0,1,0
1375,95,0,0,0,0,1,0
1376,96,0,0,0,0,1,0
1377,97,0,0,0,0,1,0
1378,98,0,0,0,0,1,0
1379,99,0,0,0,0,1,0
1380,100,0,0,0,0,1,0
1381,101,0,0,0,0,1,0
1382,102,0,0,0,0,1,0
1383,103,0,0,0,0,1,0
1384,104,0,0,0,0,1,0
1385,105,0,0,0,0,1,0
1386,106,0,0,0,0,1,0
1387,107,0,0,0,0,1,0
1388,108,0,0,0,0,1,0
1389,109,0,0,0,0,1,0
1390,110,0,0,0,0,1,0
1391,111,0,0,0,0,1,0
1392,112,0,0,0,0,1,0
1393,113,0,0,0,0,1,0
1394,114,0,0,0,0,1,0
1395,115,0,0,0,0,1,0
1396,116,0,0,0,0,1,0
1397,117,0,0,0,0,1,0
1398,118,0,0,0,0,1,0
1399,119,0,0,0,0,1,0
1400,120,0,0,0,0,1,0
1401,121,0,0,0,0,1,0
1402,122,0,0,0,0,1,0
1403,123,0,0,0,0,1,0
1404,124,0,0,0,0,1,0
1405,125,0,0,0,0,1,0
1406,126,0,0,0,0,1,0
1407,127,0,0,0,0,1,0
1408,0,0,0,0,0,1,0
1409,1,0,0,0,0,1,0
1410,2,0,0,0,0,1,0
1411,3,0,0,0,0,1,0
1412,4,0,0,0,0,1,0
1413,5,0,0,0,0,1,0
1414,6,0,0,0,0,1,0
1415,7,0,0,0,0,1,0
1416,8,1,1,0,0,1,0
1417,9,0,0,0,1,1,0
1418,10,0,0,0,1,1,0
1419,11,0,0,0,1,1,0
1420,12,0,0,0,1,1,0
1421,13,0,0,0,1,1,0
1422,14,0,0,0,1,1,0
1423,15,0,0,0,1,1,0
1424,16,0,0,0,1,1,0
1425,17,0,0,0,1,1,0
1426,18,0,0,0,1,1,0
1427,19,0,0,0,1,1,0
1428,20,0,0,0,1,1,0
1429,21,0,0,0,1,1,0
1430,22,0,0,0,1,1,0
1431,23,0,0,0,1,1,0
1432,24,0,0,0,1,1,0
1433,25,0,0,0,1,1,0
1434,26,0,0,0,1,1,0
1435,27,0,0,0,1,1,0
1436,28,0,0,0,1,1,0
1437,29,0,0,0,1,1,0
1438,30,0,0,0,1,1,0
1439,31,0,0,0,1,1,0
1440,32,0,0,0,1,1,0
1441,33,0,0,0,1,1,0
1442,34,0,0,0,1,1,0
1443,35,0,0,0,1,1,0
1444,36,0,0,0,1,1,0
1445,37,0,0,0,1,1,0
1446,38,0,0,0,1,1,0
1447,39,0,0,0,1,1,0
1448,40,0,0,0,1,1,0
1449,41,0,0,0,1,1,0
1450,42,0,0,0,1,1,0
1451,43,0,0,0,1,1,0
1452,44,0,0,0,1,1,0
1453,45,0,0,0,1,1,0
1454,46,0,0,0,1,1,0
1455,47,0,0,0,1,1,0
1456,48,0,0,0,1,1,0
1457,49,0,0,0,1,1,0
1458,50,0,0,0,1,1,0
1459,51,0,0,0,1,1,0
1460,52,0,0,0,1,1,0
1461,53,0,0,0,1,1,0
1462,54,0,0,0,1,1,0
1463,55,0,0,0,1,1,0
1464,56,0,0,0,1,1,0
1465,57,0,0,0,1,1,0
1466,58,0,0,0,1,1,0
1467,59,0,0,0,1,1,0
1468,60,0,0,0,1,1,0
1469,61,0,0,0,1,1,0
1470,62,0,0,0,1,1,0
1471,63,0,0,0,1,1,0
1472,64,0,0,0,1,1,0
1473,65,0,0,0,1,1,0
1474,66,0,0,0,1,1,0
1475,67,0,0,0,1,1,0
1476,68,0,0,0,1,1,0
1477,69,0,0,0,1,1,0
1478,70,0,0,0,1,1,0
1479,71,0,0,0,1,1,0
1480,72,0,0,0,1,1,0
1481,73,0,0,0,1,1,0
1482,74,0,0,0,1,1,0
1483,75,0,0,0,1,1,0
1484,76,0,0,0,1,1,0
1485,77,0,0,0,1,1,0
1486,78,0,0,0,1,1,0
1487,79,0,0,0,1,1,0
1488,80,0,0,0,1,1,0
1489,81,0,0,0,1,1,0
1490,82,0,0,0,1,1,0
1491,83,0,0,0,1,1,0
1492,84,0,0,0,1,1,0
1493,85,0,0,0,1,1,0
1494,86,0,0,0,1,1,0
1495,87,0,0,0,1,1,0
1496,88,0,0,1,1,1,0
1497,89,0,0,0,0,1,0
1498,90,0,0,0,0,1,0
1499,91,0,0,0,0,1,0
1500,92,0,0,0,0,1,0
1501,93,0,0,0,0,1,0
1502,94,0,0,0,0,1,0
1503,95,0,0,0,0,1,0
1504,96,0,0,0,0,1,0
1505,97,0,0,0,0,1,0
1506,98,0,0,0,0,1,0
1507,99,0,0,0,0,1,0
1508,100,0,0,0,0,1,0
1509,101,0,0,0,0,1,0
1510,102,0,0,0,0,1,0
1511,103,0,0,0,0,1,0
1512,104,0,0,0,0,1,0
1513,105,0,0,0,0,1,0
1514,106,0,0,0,0,1,0
1515,107,0,0,0,0,1,0
1516,108,0,0,0,0,1,0
1517,109,0,0,0,0,1,0
1518,110,0,0,0,0,1,0
1519,111,0,0,0,0,1,0
1520,112,0,0,0,0,1,0
1521,113,0,0,0,0,1,0
1522,114,0,0,0,0,1,0
1523,115,0,0,0,0,1,0
1524,116,0,0,0,0,1,0
1525,117,0,0,0,0,1,0
1526,118,0,0,0,0,1,0
1527,119,0,0,0,0,1,0
1528,120,0,0,0,0,1,0
1529,121,0,0,0,0,1,0
1530,122,0,0,0,0,1,0
1531,123,0,0,0,0,1,0
1532,124,0,0,0,0,1,0
1533,125,0,0,0,0,1,0
1534,126,0,0,0,0,1,0
1535,127,0,0,0,0,1,0
1536,0,0,0,0,0,1,0
1537,1,0,0,0,0,1,0
1538,2,0,0,0,0,1,0
1539,3,0,0,0,0,1,0
1540,4,0,0,0,0,1,0
1541,5,0,0,0,0,1,0
1542,6,0,0,0,0,1,0
1543,7,0,0,0,0,1,0
1544,8,1,1,0,0,1,0
1545,9,0,0,0,1,1,0
1546,10,0,0,0,1,1,0
1547,11,0,0,0,1,1,0
1548,12,0,0,0,1,1,0
1549,13,0,0,0,1,1,0
1550,14,0,0,0,1,1,0
1551,15,0,0,0,1,1,0
1552,16,0,0,0,1,1,0
1553,17,0,0,0,1,1,0
1554,18,0,0,0,1,1,0
1555,19,0,0,0,1,1,0
1556,20,0,0,0,1,1,0
1557,21,0,0,0,1,1,0
1558,22,0,0,0,1,1,0
1559,23,0,0,0,1,1,0
1560,24,0,0,0,1,1,0
1561,25,0,0,0,1,1,0
1562,26,0,0,0,1,1,0
1563,27,0,0,0,1,1,0
1564,28,0,0,0,1,1,0
1565,29,0,0,0,1,1,0
1566,30,0,0,0,1,1,0
1567,31,0,0,0,1,1,0
1568,32,0,0,0,1,1,0
1569,33,0,0,0,1,1,0
1570,34,0,0,0,1,1,0
1571,35,0,0,0,1,1,0
1572,36,0,0,0,1,1,0
1573,37,0,0,0,1,1,0
1574,38,0,0,0,1,1,0
1575,39,0,0,0,1,1,0
1576,40,0,0,0,1,1,0
1577,41,0,0,0,1,1,0
1578,42,0,0,0,1,1,0
1579,43,0,0,0,1,1,0
1580,44,0,0,0,1,1,0
1581,45,0,0,0,1,1,0
1582,46,0,0,0,1,1,0
1583,47,0,0,0,1,1,0
1584,48,0,0,0,1,1,0
1585,49,0,0,0,1,1,0
1586,50,0,0,0,1,1,0
1587,51,0,0,0,1,1,0
1588,52,0,0,0,1,1,0
1589,53,0,0,0,1,1,0
1590,54,0,0,0,1,1,0
1591,55,0,0,0,1,1,0
1592,56,0,0,0,1,1,0
1593,57,0,0,0,1,1,0
1594,58,0,0,0,1,1,0
1595,59,0,0,0,1,1,0
1596,60,0,0,0,1,1,0
1597,61,0,0,0,1,1,0
1598,62,0,0,0,1,1,0
1599,63,0,0,0,1,1,0
1600,64,0,0,0,1,1,0
1601,65,0,0,0,1,1,0
1602,66,0,0,0,1,1,0
1603,67,0,0,0,1,1,0
1604,68,0,0,0,1,1,0
1605,69,0,0,0,1,1,0
1606,70,0,0,0,1,1,0
1607,71,0,0,0,1,1,0
1608,72,0,0,0,1,1,0
1609,73,0,0,0,1,1,0
1610,74,0,0,0,1,1,0
1611,75,0,0,0,1,1,0
1612,76,0,0,0,1,1,0
1613,77,0,0,0,1,1,0
1614,78,0,0,0,1,1,0
1615,79,0,0,0,1,1,0
1616,80,0,0,0,1,1,0
1617,81,0,0,0,1,1,0
1618,82,0,0,0,1,1,0
1619,83,0,0,0,1,1,0
1620,84,0,0,0,1,1,0
1621,85,0,0,0,1,1,0
1622,86,0,0,0,1,1,0
1623,87,0,0,0,1,1,0
1624,88,0,0,1,1,1,0
1625,89,0,0,0,0,1,0
1626,90,0,0,0,0,1,0
1627,91,0,0,0,0,1,0
1628,92,0,0,0,0,1,0
1629,93,0,0,0,0,1,0
1630,94,0,0,0,0,1,0
1631,95,0,0,0,0,1,0
1632,96,0,0,0,0,1,0
1633,97,0,0,0,0,1,0
1634,98,0,0,0,0,1,0
1635,99,0,0,0,0,1,0
1636,100,0,0,0,0,1,0
1637,101,0,0,0,0,1,0
1638,102,0,0,0,0,1,0
1639,103,0,0,0,0,1,0
1640,104,0,0,0,0,1,0
1641,105,0,0,0,0,1,0
1642,106,0,0,0,0,1,0
1643,107,0,0,0,0,1,0
1644,108,0,0,0,0,1,0
1645,109,0,0,0,0,1,0
1646,110,0,0,0,0,1,0
1647,111,0,0,0,0,1,0
1648,112,0,0,0,0,1,0
1649,113,0,0,0,0,1,0
1650,114,0,0,0,0,1,0
1651,115,0,0,0,0,1,0
1652,116,0,0,0,0,1,0
1653,117,0,0,0,0,1,0
1654,118,0,0,0,0,1,0
1655,119,0,0,0,0,1,0
1656,120,0,0,0,0,1,0
1657,121,0,0,0,0,1,0
1658,122,0,0,0,0,1,0
1659,123,0,0,0,0,1,0
1660,124,0,0,0,0,1,0
1661,125,0,0,0,0,1,0
1662,126,0,0,0,0,1,0
1663,127,0,0,0,0,1,0
1664,0,0,0,0,0,1,0
1665,1,0,0,0,0,1,0
1666,2,0,0,0,0,1,0
1667,3,0,0,0,0,1,0
1668,4,0,0,0,0,1,0
1669,5,0,0,0,0,1,0
1670,6,0,0,0,0,1,0
1671,7,0,0,0,0,1,0
1672,8,1,1,0,0,1,0
1673,9,0,0,0,1,1,0
1674,10,0,0,0,1,1,0
1675,11,0,0,0,1,1,0
1676,12,0,0,0,1,1,0
1677,13,0,0,0,1,1,0
1678,14,0,0,0,1,1,0
1679,15,0,0,0,1,1,0
1680,16,0,0,0,1,1,0
1681,17,0,0,0,1,1,0
1682,18,0,0,0,1,1,0
1683,19,0,0,0,1,1,0
1684,20,0,0,0,1,1,0
1685,21,0,0,0,1,1,0
1686,22,0,0,0,1,1,0
1687,23,0,0,0,1,1,0
1688,24,0,0,0,1,1,0
1689,25,0,0,0,1,1,0
1690,26,0,0,0,1,1,0
1691,27,0,0,0,1,1,0
1692,28,0,0,0,1,1,0
1693,29,0,0,0,1,1,0
1694,30,0,0,0,1,1,0
1695,31,0,0,0,1,1,0
1696,32,0,0,0,1,1,0
1697,33,0,0,0,1,1,0
1698,34,0,0,0,1,1,0
1699,35,0,0,0,1,1,0
1700,36,0,0,0,1,1,0
1701,37,0,0,0,1,1,0
1702,38,0,0,0,1,1,0
1703,39,0,0,0,1,1,0
1704,40,0,0,0,1,1,0
1705,41,0,0,0,1,1,0
1706,42,0,0,0,1,1,0
1707,43,0,0,0,1,1,0
1708,44,0,0,0,1,1,0
1709,45,0,0,0,1,1,0
1710,46,0,0,0,1,1,0
1711,47,0,0,0,1,1,0
1712,48,0,0,0,1,1,0
1713,49,0,0,0,1,1,0
1714,50,0,0,0,1,1,0
1715,51,0,0,0,1,1,0
1716,52,0,0,0,1,1,0
1717,53,0,0,0,1,1,0
1718,54,0,0,0,1,1,0
1719,55,0,0,0,1,1,0
1720,56,0,0,0,1,1,0
1721,57,0,0,0,1,1,0
1722,58,0,0,0,1,1,0
1723,59,0,0,0,1,1,0
1724,60,0,0,0,1,1,0
1725,61,0,0,0,1,1,0
1726,62,0,0,0,1,1,0
1727,63,0,0,0,1,1,0
1728,64,0,0,0,1,1,0
1729,65,0,0,0,1,1,0
1730,66,0,0,0,1,1,0
1731,67,0,0,0,1,1,0
1732,68,0,0,0,1,1,0
1733,69,0,0,0,1,1,0
1734,70,0,0,0,1,1,0
1735,71,0,0,0,1,1,0
1736,72,0,0,0,1,1,0
1737,73,0,0,0,1,1,0
1738,74,0,0,0,1,1,0
1739,75,0,0,0,1,1,0
1740,76,0,0,0,1,1,0
1741,77,0,0,0,1,1,0
1742,78,0,0,0,1,1,0
1743,79,0,0,0,1,1,0
1744,80,0,0,0,1,1,0
1745,81,0,0,0,1,1,0
1746,82,0,0,0,1,1,0
1747,83,0,0,0,1,1,0
1748,84,0,0,0,1,1,0
1749,85,0,0,0,1,1,0
1750,86,0,0,0,1,1,0
1751,87,0,0,0,1,1,0
1752,88,0,0,1,1,1,0
1753,89,0,0,0,0,1,0
1754,90,0,0,0,0,1,0
1755,91,0,0,0,0,1,0
1756,92,0,0,0,0,1,0
1757,93,0,0,0,0,1,0
1758,94,0,0,0,0,1,0
1759,95,0,0,0,0,1,0
1760,96,0,0,0,0,1,0
1761,97,0,0,0,0,1,0
1762,98,0,0,0,0,1,0
1763,99,0,0,0,0,1,0
1764,100,0,0,0,0,1,0
1765,101,0,0,0,0,1,0
1766,102,0,0,0,0,1,0
1767,103,0,0,0,0,1,0
1768,104,0,0,0,0,1,0
1769,105,0,0,0,0,1,0
1770,106,0,0,0,0,1,0
1771,107,0,0,0,0,1,0
1772,108,0,0,0,0,1,0
1773,109,0,0,0,0,1,0
1774,110,0,0,0,0,1,0
1775,111,0,0,0,0,1,0
1776,112,0,0,0,0,1,0
1777,113,0,0,0,0,1,0
1778,114,0,0,0,0,1,0
1779,115,0,0,0,0,1,0
1780,116,0,0,0,0,1,0
1781,117,0,0,0,0,1,0
1782,118,0,0,0,0,1,0
1783,119,0,0,0,0,1,0
1784,120,0,0,0,0,1,0
1785,121,0,0,0,0,1,0
1786,122,0,0,0,0,1,0
1787,123,0,0,0,0,1,0
1788,124,0,0,0,0,1,0
1789,125,0,0,0,0,1,0
1790,126,0,0,0,0,1,0
1791,127,0,0,0,0,1,0
1792,0,0,0,0,0,1,0
1793,1,0,0,0,0,1,0
1794,2,0,0,0,0,1,0
1795,3,0,0,0,0,1,0
1796,4,0,0,0,0,1,0
1797,5,0,0,0,0,1,0
1798,6,0,0,0,0,1,0
1799,7,0,0,0,0,1,0
1800,8,1,1,0,0,1,0
1801,9,0,0,0,1,1,0
1802,10,0,0,0,1,1,0
1803,11,0,0,0,1,1,0
1804,12,0,0,0,1,1,0
1805,13,0,0,0,1,1,0
1806,14,0,0,0,1,1,0
1807,15,0,0,0,1,1,0
1808,16,0,0,0,1,1,0
1809,17,0,0,0,1,1,0
1810,18,0,0,0,1,1,0
1811,19,0,0,0,1,1,0
1812,20,0,0,0,1,1,0
1813,21,0,0,0,1,1,0
1814,22,0,0,0,1,1,0
1815,23,0,0,0,1,1,0
1816,24,0,0,0,1,1,0
1817,25,0,0,0,1,1,0
1818,26,0,0,0,1,1,0
1819,27,0,0,0,1,1,0
1820,28,0,0,0,1,1,0
1821,29,0,0,0,1,1,0
1822,30,0,0,0,1,1,0
1823,31,0,0,0,1,1,0
1824,32,0,0,0,1,1,0
1825,33,0,0,0,1,1,0
1826,34,0,0,0,1,1,0
1827,35,0,0,0,1,1,0
1828,36,0,0,0,1,1,0
1829,37,0,0,0,1,1,0
1830,38,0,0,0,1,1,0
1831,39,0,0,0,1,1,0
1832,40,0,0,0,1,1,0
1833,41,0,0,0,1,1,0
1834,42,0,0,0,1,1,0
1835,43,0,0,0,1,1,0
1836,44,0,0,0,1,1,0
1837,45,0,0,0,1,1,0
1838,46,0,0,0,1,1,0
1839,47,0,0,0,1,1,0
1840,48,0,0,0,1,1,0
1841,49,0,0,0,1,1,0
1842,50,0,0,0,1,1,0
1843,51,0,0,0,1,1,0
1844,52,0,0,0,1,1,0
1845,53,0,0,0,1,1,0
1846,54,0,0,0,1,1,0
1847,55,0,0,0,1,1,0
1848,56,0,0,0,1,1,0
1849,57,0,0,0,1,1,0
1850,58,0,0,0,1,1,0
1851,59,0,0,0,1,1,0
1852,60,0,0,0,1,1,0
1853,61,0,0,0,1,1,0
1854,62,0,0,0,1,1,0
1855,63,0,0,0,1,1,0
1856,64,0,0,0,1,1,0
1857,65,0,0,0,1,1,0
1858,66,0,0,0,1,1,0
1859,67,0,0,0,1,1,0
1860,68,0,0,0,1,1,0
1861,69,0,0,0,1,1,0
1862,70,0,0,0,1,1,0
1863,71,0,0,0,1,1,0
1864,72,0,0,0,1,1,0
1865,73,0,0,0,1,1,0
1866,74,0,0,0,1,1,0
1867,75,0,0,0,1,1,0
1868,76,0,0,0,1,1,0
1869,77,0,0,0,1,1,0
1870,78,0,0,0,1,1,0
1871,79,0,0,0,1,1,0
1872,80,0,0,0,1,1,0
1873,81,0,0,0,1,1,0
1874,82,0,0,0,1,1,0
1875,83,0,0,0,1,1,0
1876,84,0,0,0,1,1,0
1877,85,0,0,0,1,1,0
1878,86,0,0,0,1,1,0
1879,87,0,0,0,1,1,0
1880,88,0,0,1,1,1,0
1881,89,0,0,0,0,1,0
1882,90,0,0,0,0,1,0
1883,91,0,0,0,0,1,0
1884,92,0,0,0,0,1,0
1885,93,0,0,0,0,1,0
1886,94,0,0,0,0,1,0
1887,95,0,0,0,0,1,0
1888,96,0,0,0,0,1,0
1889,97,0,0,0,0,1,0
1890,98,0,0,0,0,1,0
1891,99,0,0,0,0,1,0
1892,100,0,0,0,0,1,0
1893,101,0,0,0,0,1,0
1894,102,0,0,0,0,1,0
1895,103,0,0,0,0,1,0
1896,104,0,0,0,0,1,0
1897,105,0,0,0,0,1,0
1898,106,0,0,0,0,1,0
1899,107,0,0,0,0,1,0
1900,108,0,0,0,0,1,0
1901,109,0,0,0,0,1,0
1902,110,0,0,0,0,1,0
1903,111,0,0,0,0,1,0
1904,112,0,0,0,0,1,0
1905,113,0,0,0,0,1,0
1906,114,0,0,0,0,1,0
1907,115,0,0,0,0,1,0
1908,116,0,0,0,0,1,0
1909,117,0,0,0,0,1,0
1910,118,0,0,0,0,1,0
1911,119,0,0,0,0,1,0
1912,120,0,0,0,0,1,0
1913,121,0,0,0,0,1,0
1914,122,0,0,0,0,1,0
1915,123,0,0,0,0,1,0
1916,124,0,0,0,0,1,0
1917,125,0,0,0,0,1,0
1918,126,0,0,0,0,1,0
1919,127,0,0,0,0,1,0
1920,0,0,0,0,0,1,0
1921,1,0,0,0,0,1,0
1922,2,0,0,0,0,1,0
1923,3,0,0,0,0,1,0
1924,4,0,0,0,0,1,0
1925,5,0,0,0,0,1,0
1926,6,0,0,0,0,1,0
1927,7,0,0,0,0,1,0
1928,8,1,1,0,0,1,0
1929,9,0,0,0,1,1,0
1930,10,0,0,0,1,1,0
1931,11,0,0,0,1,1,0
1932,12,0,0,0,1,1,0
1933,13,0,0,0,1,1,0
1934,14,0,0,0,1,1,0
1935,15,0,0,0,1,1,0
1936,16,0,0,0,1,1,0
1937,17,0,0,0,1,1,0
1938,18,0,0,0,1,1,0
1939,19,0,0,0,1,1,0
1940,20,0,0,0,1,1,0
1941,21,0,0,0,1,1,0
1942,22,0,0,0,1,1,0
1943,23,0,0,0,1,1,0
1944,24,0,0,0,1,1,0
1945,25,0,0,0,1,1,0
1946,26,0,0,0,1,1,0
1947,27,0,0,0,1,1,0
1948,28,0,0,0,1,1,0
1949,29,0,0,0,1,1,0
1950,30,0,0,0,1,1,0
1951,31,0,0,0,1,1,0
1952,32,0,0,0,1,1,0
1953,33,0,0,0,1,1,0
1954,34,0,0,0,1,1,0
1955,35,0,0,0,1,1,0
1956,36,0,0,0,1,1,0
1957,37,0,0,0,1,1,0
1958,38,0,0,0,1,1,0
1959,39,0,0,0,1,1,0
1960,40,0,0,0,1,1,0
1961,41,0,0,0,1,1,0
1962,42,0,0,0,1,1,0
1963,43,0,0,0,1,1,0
1964,44,0,0,0,1,1,0
1965,45,0,0,0,1,1,0
1966,46,0,0,0,1,1,0
1967,47,0,0,0,1,1,0
1968,48,0,0,0,1,1,0
1969,49,0,0,0,1,1,0
1970,50,0,0,0,1,1,0
1971,51,0,0,0,1,1,0
1972,52,0,0,0,1,1,0
1973,53,0,0,0,1,1,0
1974,54,0,0,0,1,1,0
1975,55,0,0,0,1,1,0
1976,56,0,0,0,1,1,0
1977,57,0,0,0,1,1,0
1978,58,0,0,0,1,1,0
1979,59,0,0,0,1,1,0
1980,60,0,0,0,1,1,0
1981,61,0,0,0,1,1,0
1982,62,0,0,0,1,1,0
1983,63,0,0,0,1,1,0
1984,64,0,0,0,1,1,0
1985,65,0,0,0,1,1,0
1986,66,0,0,0,1,1,0
1987,67,0,0,0,1,1,0
1988,68,0,0,0,1,1,0
1989,69,0,0,0,1,1,0
1990,70,0,0,0,1,1,0
1991,71,0,0,0,1,1,0
1992,72,0,0,0,1,1,0
1993,73,0,0,0,1,1,0
1994,74,0,0,0,1,1,0
1995,75,0,0,0,1,1,0
1996,76,0,0,0,1,1,0
1997,77,0,0,0,1,1,0
1998,78,0,0,0,1,1,0
1999,79,0,0,0,1,1,0
2000,80,0,0,0,1,1,0
2001,81,0,0,0,1,1,0
2002,82,0,0,0,1,1,0
2003,83,0,0,0,1,1,0
2004,84,0,0,0,1,1,0
2005,85,0,0,0,1,1,0
2006,86,0,0,0,1,1,0
2007,87,0,0,0,1,1,0
2008,88,0,0,1,1,1,0
2009,89,0,0,0,0,1,0
2010,90,0,0,0,0,1,0
2011,91,0,0,0,0,1,0
2012,92,0,0,0,0,1,0
2013,93,0,0,0,0,1,0
2014,94,0,0,0,0,1,0
2015,95,0,0,0,0,1,0
2016,96,0,0,0,0,1,0
2017,97,0,0,0,0,1,0
2018,98,0,0,0,0,1,0
2019,99,0,0,0,0,1,0
2020,100,0,0,0,0,1,0
2021,101,0,0,0,0,1,0
2022,102,0,0,0,0,1,0
2023,103,0,0,0,0,1,0
2024,104,0,0,0,0,1,0
2025,105,0,0,0,0,1,0
2026,106,0,0,0,0,1,0
2027,107,0,0,0,0,1,0
2028,108,0,0,0,0,1,0
2029,109,0,0,0,0,1,0
2030,110,0,0,0,0,1,0
2031,111,0,0,0,0,1,0
2032,112,0,0,0,0,1,0
2033,113,0,0,0,0,1,0
2034,114,0,0,0,0,1,0
2035,115,0,0,0,0,1,0
2036,116,0,0,0,0,1,0
2037,117,0,0,0,0,1,0
2038,118,0,0,0,0,1,0
2039,119,0,0,0,0,1,0
2040,120,0,0,0,0,1,0
2041,121,0,0,0,0,1,0
2042,122,0,0,0,0,1,0
2043,123,0,0,0,0,1,0
2044,124,0,0,0,0,1,0
2045,125,0,0,0,0,1,0
2046,126,0,0,0,0,1,0
2047,127,0,0,0,0,1,0
