impl,n,samples,min_us,median_us,p99_us,max_us,tv_cv_mismatch,images
torchvision,8,2634,184.561,188.802,211.8874,229.688,0,50
opencv,8,3000,7.425,7.722,9.944,56.626,0,50
numpy_allpairs,8,2907,163.785,171.637,190.92884,241.169,0,50
torchvision,16,2584,187.821,192.209,218.078,294.388,0,50
opencv,16,3000,10.795,11.407,14.610189999999996,30.424,0,50
numpy_allpairs,16,2386,195.894,206.9025,230.60390000000004,332.145,0,50
torchvision,32,2540,190.006,195.2925,224.75955000000002,345.755,0,50
opencv,32,3000,17.869,20.369,24.85129999999997,79.995,0,50
numpy_allpairs,32,1725,268.204,288.703,345.09836,372.475,0,50
